Magnetometer,version=1,hw_revision=1,timescale=1000000
Type,Mode,Timestamp(sec),x,y,z
3,1,0.052,8.2000732421875,-20.28350830078125,-19.28863525390625
3,1,0.075,7.415771484375,-21.3226318359375,-20.44525146484375
3,1,0.08400000000000001,8.8134765625,-21.6888427734375,-19.4549560546875
3,1,0.094,7.35321044921875,-21.5545654296875,-17.96722412109375
3,1,0.102,9.53216552734375,-20.8831787109375,-18.792724609375
3,1,0.122,7.8155517578125,-22.1649169921875,-19.68536376953125
3,1,0.19,10.9832763671875,-20.64056396484375,-16.9769287109375
3,1,0.39,14.703369140625,-19.036865234375,-12.06207275390625
3,1,0.592,10.4522705078125,-21.13037109375,-16.5008544921875
3,1,0.796,11.29302978515625,-21.22344970703125,-14.98565673828125
3,1,0.993,12.30621337890625,-19.86846923828125,-14.33258056640625
3,1,1.219,10.56976318359375,-21.6522216796875,-16.64581298828125
3,1,1.399,12.70751953125,-17.48504638671875,-12.8448486328125
3,1,1.598,12.60223388671875,-22.43499755859375,-15.985107421875
3,1,1.8,15.35491943359375,-19.67315673828125,-11.358642578125
3,1,2.004,12.37030029296875,-22.37396240234375,-15.48919677734375
3,1,2.213,12.0941162109375,-21.5545654296875,-14.9932861328125
3,1,2.403,10.760498046875,-20.9564208984375,-15.48919677734375
3,1,2.609,12.0941162109375,-21.5545654296875,-14.66217041015625
3,1,2.806,12.62359619140625,-21.44622802734375,-14.49737548828125
3,1,3.009,12.64495849609375,-20.45440673828125,-15.985107421875
3,1,3.216,13.934326171875,-20.2972412109375,-14.166259765625
3,1,3.412,11.16180419921875,-21.3104248046875,-14.00146484375
3,1,3.614,12.26348876953125,-19.110107421875,-13.671875
3,1,3.815,12.64495849609375,-23.193359375,-15.985107421875
3,1,4.015,10.20965576171875,-22.05657958984375,-17.4713134765625
3,1,4.216,14.82391357421875,-19.78302001953125,-11.85302734375
3,1,4.417,12.26348876953125,-21.84906005859375,-12.01934814453125
3,1,4.619,13.21563720703125,-21.1029052734375,-12.5152587890625
3,1,4.82,13.067626953125,-19.81964111328125,-16.314697265625
3,1,5.023,13.153076171875,-21.3348388671875,-13.34075927734375
3,1,5.223,14.9932861328125,-20.0775146484375,-11.85302734375
3,1,5.425,12.55950927734375,-21.67816162109375,-14.33258056640625
3,1,5.627,18.4234619140625,-18.487548828125,-10.5316162109375
3,1,5.828,14.9932861328125,-20.0775146484375,-12.5152587890625
3,1,6.03,13.7237548828125,-19.24591064453125,-13.17596435546875
3,1,6.231,11.26861572265625,-21.83685302734375,-12.8448486328125
3,1,6.433,13.55438232421875,-21.69036865234375,-16.14990234375
3,1,6.633,14.52789306640625,-22.69287109375,-12.8448486328125
3,1,6.835,11.88201904296875,-20.5047607421875,-14.33258056640625
3,1,7.037,12.432861328125,-22.14202880859375,-14.9932861328125
3,1,7.239,12.4755859375,-20.16143798828125,-13.671875
3,1,7.442,12.89825439453125,-19.52667236328125,-13.671875
3,1,7.642,15.41748046875,-22.17864990234375,-12.5152587890625
3,1,7.842,15.6280517578125,-20.4925537109375,-10.86273193359375
3,1,8.045,13.0462646484375,-20.8099365234375,-13.50555419921875
3,1,8.252000000000001,14.59197998046875,-22.45941162109375,-14.00146484375
3,1,8.452999999999999,13.57574462890625,-20.7000732421875,-13.671875
3,1,8.65,12.64495849609375,-20.45440673828125,-12.6800537109375
3,1,8.849,15.33203125,-20.6634521484375,-11.85302734375
3,1,9.051,12.96234130859375,-22.03216552734375,-17.4713134765625
3,1,9.255000000000001,12.32757568359375,-21.61712646484375,-15.1580810546875
3,1,9.452999999999999,15.94696044921875,-19.33135986328125,-9.375
3,1,9.661,13.83056640625,-19.77081298828125,-14.33258056640625
3,1,9.858000000000001,11.20452880859375,-22.06878662109375,-14.66217041015625
3,1,10.058,12.30621337890625,-22.60589599609375,-15.3228759765625
3,1,10.26,17.6605224609375,-21.2738037109375,-9.87091064453125
3,1,10.461,14.739990234375,-21.0052490234375,-12.8448486328125
3,1,10.662,14.3585205078125,-19.66094970703125,-12.8448486328125
3,1,10.863,13.57574462890625,-20.7000732421875,-13.34075927734375
3,1,11.073,11.8621826171875,-21.4935302734375,-14.166259765625
3,1,11.265,14.63470458984375,-20.4803466796875,-12.34893798828125
3,1,11.467,13.83056640625,-19.77081298828125,-11.358642578125
3,1,11.669,13.153076171875,-21.3348388671875,-14.66217041015625
3,1,11.872,14.93072509765625,-20.3094482421875,-14.00146484375
3,1,12.072,13.17291259765625,-20.3460693359375,-13.17596435546875
3,1,12.274,11.62872314453125,-21.4324951171875,-15.3228759765625
3,1,12.475,10.67657470703125,-22.17864990234375,-15.48919677734375
3,1,12.676,13.4063720703125,-20.4071044921875,-12.34893798828125
3,1,12.878,13.4063720703125,-20.4071044921875,-13.0096435546875
3,1,13.081,15.54412841796875,-18.97735595703125,-12.8448486328125
3,1,13.281,13.99993896484375,-22.80120849609375,-11.688232421875
3,1,13.482,10.95123291015625,-20.25909423828125,-14.33258056640625
3,1,13.684,13.51165771484375,-20.9320068359375,-14.49737548828125
3,1,13.885,12.87689208984375,-20.5169677734375,-13.50555419921875
3,1,14.087,15.289306640625,-19.9066162109375,-11.85302734375
3,1,14.291,11.98883056640625,-21.0296630859375,-14.8284912109375
3,1,14.488,14.9932861328125,-20.0775146484375,-12.18414306640625
3,1,14.697,12.96234130859375,-22.03216552734375,-13.836669921875
3,1,14.892,16.03240966796875,-20.8465576171875,-10.3668212890625
3,1,15.092,13.55438232421875,-21.69036865234375,-13.17596435546875
3,1,15.296,11.24725341796875,-20.08819580078125,-15.3228759765625
3,1,15.496,14.4012451171875,-20.4193115234375,-10.86273193359375
3,1,15.698,19.88372802734375,-21.3592529296875,-6.40106201171875
3,1,15.908,14.0411376953125,-20.8221435546875,-12.6800537109375
3,1,16.1,15.20538330078125,-21.1273193359375,-12.5152587890625
3,1,16.301,16.3055419921875,-21.66595458984375,-12.18414306640625
3,1,16.506,13.5955810546875,-19.70977783203125,-10.86273193359375
3,1,16.709,13.32244873046875,-21.6278076171875,-13.0096435546875
3,1,16.907,11.54327392578125,-19.91729736328125,-12.6800537109375
3,1,17.107,12.96234130859375,-22.03216552734375,-13.50555419921875
3,1,17.311,13.91448974609375,-21.2860107421875,-12.6800537109375
3,1,17.51,13.51165771484375,-20.9320068359375,-12.8448486328125
3,1,17.712,12.7716064453125,-19.99053955078125,-12.6800537109375
3,1,17.914,13.97705078125,-21.0540771484375,-12.18414306640625
3,1,18.114,14.0838623046875,-21.58050537109375,-14.00146484375
3,1,18.317,13.02490234375,-21.80023193359375,-15.985107421875
3,1,18.521,10.272216796875,-21.82464599609375,-18.95904541015625
3,1,18.719,12.158203125,-21.3226318359375,-16.14990234375
3,1,18.92,9.12933349609375,-20.5291748046875,-15.985107421875
3,1,19.124,18.42193603515625,-21.2249755859375,-7.2265625
3,1,19.323,9.53216552734375,-20.8831787109375,-14.166259765625
3,1,19.524,11.8621826171875,-21.4935302734375,-14.8284912109375
3,1,19.732,14.88800048828125,-19.55108642578125,-11.688232421875
3,1,19.927,11.8621826171875,-21.4935302734375,-14.8284912109375
3,1,20.128,13.91448974609375,-21.2860107421875,-13.34075927734375
3,1,20.329,13.59710693359375,-22.44873046875,-11.85302734375
3,1,20.532,17.80853271484375,-19.81964111328125,-8.3831787109375
3,1,20.741,10.44158935546875,-22.11761474609375,-15.985107421875
3,1,20.938,11.92474365234375,-21.2615966796875,-15.65399169921875
3,1,21.138,16.53900146484375,-21.7254638671875,-9.04388427734375
3,1,21.337,13.17291259765625,-20.3460693359375,-16.14990234375
3,1,21.543,11.88201904296875,-23.2421875,-14.9932861328125
3,1,21.739,14.3798828125,-18.670654296875,-10.6964111328125
3,1,21.941,11.50054931640625,-19.16046142578125,-14.9932861328125
3,1,22.145,10.29510498046875,-20.8343505859375,-16.14990234375
3,1,22.345,11.3739013671875,-19.62432861328125,-14.9932861328125
3,1,22.546,13.02490234375,-21.80023193359375,-13.671875
3,1,22.749,11.4166259765625,-20.38116455078125,-14.33258056640625
3,1,22.949,17.23785400390625,-21.9085693359375,-11.5234375
3,1,23.151,12.6861572265625,-21.2127685546875,-15.65399169921875
3,1,23.353,13.067626953125,-19.81964111328125,-12.6800537109375
3,1,23.553,11.8194580078125,-20.7366943359375,-14.49737548828125
3,1,23.757,13.46893310546875,-20.1751708984375,-13.50555419921875
3,1,23.959,15.56396484375,-23.4619140625,-11.02752685546875
3,1,24.156,16.03240966796875,-20.8465576171875,-14.33258056640625
3,1,24.366,12.3260498046875,-18.878173828125,-14.8284912109375
3,1,24.563,9.84954833984375,-22.45941162109375,-15.3228759765625
3,1,24.761,13.61846923828125,-21.4569091796875,-14.33258056640625
3,1,24.962,13.59710693359375,-22.44873046875,-12.8448486328125
3,1,25.163,12.26348876953125,-21.84906005859375,-14.00146484375
3,1,25.369,17.61932373046875,-20.5169677734375,-7.2265625
3,1,25.57,12.55950927734375,-18.939208984375,-12.34893798828125
3,1,25.785,13.470458984375,-22.91259765625,-14.166259765625
3,1,25.969,14.8468017578125,-18.792724609375,-10.3668212890625
3,1,26.173,14.7186279296875,-21.99554443359375,-11.02752685546875
3,1,26.372,17.449951171875,-20.2239990234375,-9.539794921875
3,1,26.574,15.10009765625,-20.6024169921875,-11.688232421875
3,1,26.778,14.1693115234375,-20.35675048828125,-12.6800537109375
3,1,26.977,11.95831298828125,-22.0184326171875,-14.83154296875
3,1,27.179,12.65106201171875,-20.9320068359375,-14.88189697265625
3,1,27.379,13.92669677734375,-19.01397705078125,-14.39971923828125
3,1,27.584,12.890625,-20.8892822265625,-14.1754150390625
3,1,27.785,11.0626220703125,-21.16241455078125,-15.50750732421875
3,1,27.989,11.35406494140625,-20.6146240234375,-16.14990234375
3,1,28.188,12.6861572265625,-21.2127685546875,-12.6800537109375
3,1,28.388,14.97344970703125,-21.0662841796875,-13.34075927734375
3,1,28.587,14.54925537109375,-21.70257568359375,-13.0096435546875
3,1,28.793,10.82305908203125,-20.7244873046875,-15.985107421875
3,1,28.992,14.46533203125,-20.18585205078125,-11.688232421875
3,1,29.195,11.65008544921875,-20.4437255859375,-16.81060791015625
3,1,29.395,13.153076171875,-21.3348388671875,-13.671875
3,1,29.594,14.422607421875,-19.42901611328125,-11.688232421875
3,1,29.797,19.183349609375,-21.1761474609375,-4.913330078125
3,1,29.997,14.3585205078125,-19.66094970703125,-10.5316162109375
3,1,30.21,15.16265869140625,-20.3704833984375,-13.17596435546875
3,1,30.402,13.19427490234375,-19.35577392578125,-15.985107421875
3,1,30.609,13.83056640625,-22.50823974609375,-13.34075927734375
3,1,30.804,13.4918212890625,-21.92230224609375,-12.6800537109375
3,1,31.004,14.86663818359375,-23.27728271484375,-13.50555419921875
3,1,31.207,19.09942626953125,-22.39837646484375,-7.55767822265625
3,1,31.408,14.29595947265625,-19.89288330078125,-11.358642578125
3,1,31.613,12.9180908203125,-18.536376953125,-16.14990234375
3,1,31.817,14.97344970703125,-21.0662841796875,-12.01934814453125
3,1,32.013,14.14642333984375,-21.34857177734375,-15.48919677734375
3,1,32.213,13.1317138671875,-22.32513427734375,-12.8448486328125
3,1,32.414,12.91961669921875,-21.27532958984375,-14.166259765625
3,1,32.617,16.3055419921875,-21.66595458984375,-11.19232177734375
3,1,32.817,13.42620849609375,-19.41680908203125,-13.50555419921875
3,1,33.021,10.90850830078125,-22.23968505859375,-16.314697265625
3,1,33.221,11.20452880859375,-22.06878662109375,-16.64581298828125
3,1,33.423,14.29595947265625,-19.89288330078125,-14.66217041015625
3,1,33.632,13.0462646484375,-20.8099365234375,-14.166259765625
3,1,33.825,15.01617431640625,-21.82464599609375,-14.33258056640625
3,1,34.029,12.8143310546875,-20.7489013671875,-14.9932861328125
3,1,34.228,7.818603515625,-21.6766357421875,-18.6279296875
3,1,34.43,12.1368408203125,-22.31292724609375,-14.66217041015625
3,1,34.631,15.98968505859375,-20.08819580078125,-12.34893798828125
3,1,34.832,11.7340087890625,-21.95892333984375,-15.81878662109375
3,1,35.037,17.6605224609375,-21.2738037109375,-7.88726806640625
3,1,35.235,12.7716064453125,-19.99053955078125,-14.33258056640625
3,1,35.44,9.4482421875,-22.10540771484375,-15.81878662109375
3,1,35.637,17.0684814453125,-21.6156005859375,-10.2020263671875
3,1,35.839,14.739990234375,-21.0052490234375,-14.166259765625
3,1,36.04,11.16180419921875,-18.572998046875,-15.3228759765625
3,1,36.248,12.6861572265625,-21.2127685546875,-14.9932861328125
3,1,36.453,12.7288818359375,-21.97113037109375,-14.33258056640625
3,1,36.655,13.97705078125,-23.79150390625,-13.836669921875
3,1,36.846,12.0513916015625,-20.7977294921875,-14.00146484375
3,1,37.047,14.2730712890625,-20.8831787109375,-15.1580810546875
3,1,37.25,10.44158935546875,-22.11761474609375,-17.6361083984375
3,1,37.451,16.0308837890625,-23.58245849609375,-13.0096435546875
3,1,37.663,13.57574462890625,-20.7000732421875,-13.671875
3,1,37.853,8.98284912109375,-21.98333740234375,-18.792724609375
3,1,38.054,12.87689208984375,-20.5169677734375,-14.49737548828125
3,1,38.257,11.65008544921875,-20.4437255859375,-15.48919677734375
3,1,38.459,12.24212646484375,-20.1019287109375,-14.49737548828125
3,1,38.66,13.80767822265625,-20.7611083984375,-12.18414306640625
3,1,38.86,11.8194580078125,-20.7366943359375,-14.8284912109375
3,1,39.062,13.89312744140625,-22.27630615234375,-12.18414306640625
3,1,39.275,10.29510498046875,-20.8343505859375,-17.80242919921875
3,1,39.464,10.760498046875,-20.9564208984375,-14.8284912109375
3,1,39.668,14.654541015625,-19.49005126953125,-12.8448486328125
3,1,39.868,12.7288818359375,-21.97113037109375,-14.9932861328125
3,1,40.07,16.28570556640625,-19.91729736328125,-12.01934814453125
3,1,40.27,8.94012451171875,-21.2249755859375,-17.4713134765625
3,1,40.473,13.57574462890625,-20.7000732421875,-13.34075927734375
3,1,40.672,16.7510986328125,-20.0408935546875,-12.01934814453125
3,1,40.875,15.863037109375,-20.5535888671875,-12.01934814453125
3,1,41.076,12.96234130859375,-22.03216552734375,-13.50555419921875
3,1,41.282,15.65093994140625,-19.50225830078125,-13.0096435546875
3,1,41.481,11.6912841796875,-18.463134765625,-14.166259765625
3,1,41.683,12.0513916015625,-20.7977294921875,-14.00146484375
3,1,41.881,12.835693359375,-22.49603271484375,-13.17596435546875
3,1,42.084,14.90936279296875,-21.2982177734375,-11.85302734375
3,1,42.284,13.0889892578125,-21.56829833984375,-13.17596435546875
3,1,42.485,14.86663818359375,-20.5413818359375,-12.18414306640625
3,1,42.688,6.63299560546875,-19.62432861328125,-17.6361083984375
3,1,42.889,11.798095703125,-21.7254638671875,-14.9932861328125
3,1,43.092,13.6810302734375,-21.2249755859375,-14.8284912109375
3,1,43.291,13.27972412109375,-20.8709716796875,-14.66217041015625
3,1,43.493,13.21563720703125,-21.1029052734375,-15.1580810546875
3,1,43.694,11.7767333984375,-19.97833251953125,-17.1417236328125
3,1,43.896,11.60736083984375,-22.42279052734375,-14.166259765625
3,1,44.097,11.28997802734375,-20.8465576171875,-15.985107421875
3,1,44.298,12.8143310546875,-20.7489013671875,-14.66217041015625
3,1,44.499,12.4542236328125,-21.1517333984375,-13.50555419921875
3,1,44.712,14.44244384765625,-21.17767333984375,-14.49737548828125
3,1,44.902,14.21051025390625,-21.1151123046875,-12.6800537109375
3,1,45.106,14.82391357421875,-19.78302001953125,-13.17596435546875
3,1,45.308,15.26947021484375,-20.8953857421875,-12.01934814453125
3,1,45.507,13.57574462890625,-20.7000732421875,-14.66217041015625
3,1,45.707,14.57061767578125,-23.44818115234375,-11.5234375
3,1,45.911,16.60308837890625,-21.49505615234375,-9.87091064453125
3,1,46.11,16.58172607421875,-19.74639892578125,-12.34893798828125
3,1,46.316,14.48516845703125,-19.19708251953125,-12.5152587890625
3,1,46.523,15.0360107421875,-20.8343505859375,-10.86273193359375
3,1,46.715,17.15240478515625,-20.3948974609375,-9.539794921875
3,1,46.918,12.19940185546875,-19.342041015625,-14.8284912109375
3,1,47.121,15.6280517578125,-20.4925537109375,-10.2020263671875
3,1,47.32,12.6861572265625,-18.475341796875,-13.671875
3,1,47.523,14.93072509765625,-20.3094482421875,-11.358642578125
3,1,47.73,11.395263671875,-21.37298583984375,-15.48919677734375
3,1,47.925,14.21051025390625,-21.1151123046875,-15.65399169921875
3,1,48.125,17.3004150390625,-21.6766357421875,-8.3831787109375
3,1,48.329,15.11993408203125,-22.35107421875,-13.836669921875
3,1,48.528,20.306396484375,-20.7244873046875,-5.40924072265625
3,1,48.734,12.83416748046875,-19.75860595703125,-14.49737548828125
3,1,48.942,11.43798828125,-22.12982177734375,-15.81878662109375
3,1,49.132,12.7288818359375,-21.97113037109375,-14.66217041015625
3,1,49.337,11.83929443359375,-19.74639892578125,-16.314697265625
3,1,49.535,15.20538330078125,-21.1273193359375,-11.5234375
3,1,49.736,13.427734375,-22.15423583984375,-13.836669921875
3,1,49.943,13.61846923828125,-21.4569091796875,-14.66217041015625
3,1,50.145,12.79296875,-21.73919677734375,-15.48919677734375
3,1,50.34,13.51165771484375,-23.66790771484375,-15.1580810546875
3,1,50.542,13.02490234375,-21.80023193359375,-13.34075927734375
3,1,50.743,14.48516845703125,-21.93450927734375,-13.836669921875
3,1,50.946,19.5220947265625,-21.76361083984375,-7.88726806640625
3,1,51.157,11.4593505859375,-21.1395263671875,-15.985107421875
3,1,51.362,11.50054931640625,-21.89788818359375,-16.97540283203125
3,1,51.549,12.62359619140625,-21.44622802734375,-15.81878662109375
3,1,51.752,13.0035400390625,-20.05157470703125,-14.8284912109375
3,1,51.953,10.29510498046875,-20.8343505859375,-14.49737548828125
3,1,52.154,12.89825439453125,-22.26409912109375,-14.00146484375
3,1,52.356,13.4918212890625,-19.183349609375,-12.34893798828125
3,1,52.556,10.5072021484375,-21.88568115234375,-16.14990234375
3,1,52.758,11.1846923828125,-20.32012939453125,-16.4794921875
3,1,52.96,14.697265625,-22.98431396484375,-14.166259765625
3,1,53.163,13.21563720703125,-21.1029052734375,-13.836669921875
3,1,53.363,13.702392578125,-20.2362060546875,-14.9932861328125
3,1,53.565,12.60223388671875,-19.69757080078125,-14.66217041015625
3,1,53.764,9.405517578125,-21.3470458984375,-16.81060791015625
3,1,53.967,11.88201904296875,-20.5047607421875,-14.9932861328125
3,1,54.168,12.4755859375,-20.16143798828125,-15.3228759765625
3,1,54.369,12.53814697265625,-19.92950439453125,-13.50555419921875
3,1,54.57,14.0838623046875,-21.58050537109375,-13.0096435546875
3,1,54.771,16.009521484375,-21.83685302734375,-14.8284912109375
3,1,54.974,11.96746826171875,-22.01995849609375,-14.00146484375
3,1,55.175,16.28570556640625,-19.91729736328125,-10.6964111328125
3,1,55.376,14.59197998046875,-22.45941162109375,-12.34893798828125
3,1,55.577,14.739990234375,-21.0052490234375,-12.8448486328125
3,1,55.779,17.63916015625,-19.52667236328125,-10.3668212890625
3,1,55.981,16.56036376953125,-20.7366943359375,-10.5316162109375
3,1,56.207,13.0462646484375,-20.8099365234375,-14.49737548828125
3,1,56.383,14.2730712890625,-20.8831787109375,-14.166259765625
3,1,56.584,14.33868408203125,-20.6512451171875,-12.6800537109375
3,1,56.786,19.22760009765625,-19.19708251953125,-7.88726806640625
3,1,56.988,17.364501953125,-21.4447021484375,-10.5316162109375
3,1,57.188,16.9830322265625,-20.1019287109375,-11.85302734375
3,1,57.39,10.845947265625,-19.73419189453125,-16.81060791015625
3,1,57.591,11.24725341796875,-20.08819580078125,-14.9932861328125
3,1,57.793,15.4815673828125,-21.94671630859375,-10.6964111328125
3,1,57.994,14.4012451171875,-20.4193115234375,-13.50555419921875
3,1,58.197,15.88287353515625,-22.2991943359375,-12.5152587890625
3,1,58.398,11.7767333984375,-19.97833251953125,-14.49737548828125
3,1,58.602,7.4371337890625,-20.33233642578125,-16.314697265625
3,1,58.818,13.19427490234375,-19.35577392578125,-14.66217041015625
3,1,59.004,12.4114990234375,-20.3948974609375,-14.49737548828125
3,1,59.204,14.422607421875,-22.16644287109375,-11.688232421875
3,1,59.405,13.80767822265625,-20.7611083984375,-15.81878662109375
3,1,59.609,10.400390625,-21.3592529296875,-16.314697265625
3,1,59.81,13.27972412109375,-18.133544921875,-14.66217041015625
3,1,60.013,12.94097900390625,-20.28350830078125,-14.33258056640625
3,1,60.21,16.51763916015625,-19.9798583984375,-10.2020263671875
3,1,60.411,16.094970703125,-20.6146240234375,-10.5316162109375
3,1,60.613,19.22607421875,-21.93450927734375,-5.57403564453125
3,1,60.814,13.385009765625,-21.3958740234375,-14.49737548828125
3,1,61.015,12.24212646484375,-20.1019287109375,-15.48919677734375
3,1,61.219,12.66632080078125,-22.20306396484375,-13.836669921875
3,1,61.423,15.4388427734375,-21.1883544921875,-12.34893798828125
3,1,61.621,13.702392578125,-20.2362060546875,-11.02752685546875
3,1,61.822,15.289306640625,-19.9066162109375,-11.19232177734375
3,1,62.034,11.96746826171875,-22.01995849609375,-14.9932861328125
3,1,62.228,12.1368408203125,-19.57550048828125,-13.671875
3,1,62.426,13.42620849609375,-19.41680908203125,-15.1580810546875
3,1,62.628,16.47491455078125,-19.22149658203125,-9.210205078125
3,1,62.828,14.10369873046875,-20.5902099609375,-14.49737548828125
3,1,63.033,20.83587646484375,-20.61309814453125,-7.55767822265625
3,1,63.233,13.91448974609375,-18.548583984375,-13.671875
3,1,63.441,11.86065673828125,-18.756103515625,-16.4794921875
3,1,63.644,12.83416748046875,-19.75860595703125,-15.48919677734375
3,1,63.836,13.51165771484375,-20.9320068359375,-14.8284912109375
3,1,64.03700000000001,14.61181640625,-18.73321533203125,-11.5234375
3,1,64.242,10.92987060546875,-21.2493896484375,-14.49737548828125
3,1,64.44,15.3961181640625,-20.4315185546875,-12.34893798828125
3,1,64.64700000000001,12.7716064453125,-19.99053955078125,-15.3228759765625
3,1,64.846,9.5550537109375,-22.63031005859375,-17.96722412109375
3,1,65.047,16.51763916015625,-19.9798583984375,-9.539794921875
3,1,65.245,15.01617431640625,-19.085693359375,-12.34893798828125
3,1,65.452,16.7083740234375,-19.28253173828125,-11.02752685546875
3,1,65.648,18.359375,-18.719482421875,-9.70611572265625
3,1,65.851,14.3798828125,-21.40960693359375,-13.34075927734375
3,1,66.051,16.412353515625,-19.45343017578125,-9.375
3,1,66.253,13.32244873046875,-21.6278076171875,-13.34075927734375
3,1,66.45399999999999,14.0625,-19.83184814453125,-13.50555419921875
3,1,66.657,14.33868408203125,-20.6512451171875,-14.00146484375
3,1,66.858,13.153076171875,-18.597412109375,-15.3228759765625
3,1,67.06,17.00439453125,-19.11163330078125,-10.3668212890625
3,1,67.274,11.8621826171875,-21.4935302734375,-15.81878662109375
3,1,67.46299999999999,15.45867919921875,-22.93548583984375,-13.17596435546875
3,1,67.67100000000001,12.22076416015625,-21.0906982421875,-13.34075927734375
3,1,67.86799999999999,17.57659912109375,-19.75860595703125,-11.5234375
3,1,68.066,14.4012451171875,-20.4193115234375,-13.50555419921875
3,1,68.26900000000001,13.299560546875,-19.88067626953125,-14.166259765625
3,1,68.477,10.443115234375,-19.378662109375,-15.3228759765625
3,1,68.669,15.5242919921875,-19.96612548828125,-11.02752685546875
3,1,68.871,17.9351806640625,-22.09320068359375,-10.03570556640625
3,1,69.072,14.3157958984375,-18.90411376953125,-14.8284912109375
3,1,69.274,14.93072509765625,-20.3094482421875,-12.6800537109375
3,1,69.47499999999999,11.9873046875,-18.292236328125,-17.1417236328125
3,1,69.67700000000001,13.27972412109375,-20.8709716796875,-12.34893798828125
3,1,69.878,13.25836181640625,-21.86126708984375,-15.48919677734375
3,1,70.08,15.88287353515625,-19.56329345703125,-10.5316162109375
3,1,70.283,17.53387451171875,-21.7376708984375,-8.87908935546875
3,1,70.482,17.7032470703125,-22.0306396484375,-11.85302734375
3,1,70.684,15.3961181640625,-20.4315185546875,-11.358642578125
3,1,70.88500000000001,10.82305908203125,-20.7244873046875,-16.314697265625
3,1,71.086,14.14642333984375,-21.34857177734375,-13.17596435546875
3,1,71.288,15.54412841796875,-21.71478271484375,-13.836669921875
3,1,71.489,12.9608154296875,-19.29473876953125,-13.17596435546875
3,1,71.691,18.2952880859375,-21.6888427734375,-12.18414306640625
3,1,71.892,12.98370361328125,-21.0418701171875,-14.00146484375
3,1,72.096,11.395263671875,-21.37298583984375,-16.4794921875
3,1,72.295,13.59710693359375,-22.44873046875,-14.166259765625
3,1,72.498,14.1693115234375,-20.35675048828125,-12.6800537109375
3,1,72.699,12.432861328125,-22.14202880859375,-14.00146484375
3,1,72.90300000000001,15.4815673828125,-19.20928955078125,-11.688232421875
3,1,73.108,12.70751953125,-20.22247314453125,-13.50555419921875
3,1,73.313,13.32244873046875,-21.6278076171875,-14.33258056640625
3,1,73.503,11.60736083984375,-22.42279052734375,-16.14990234375
3,1,73.705,12.4114990234375,-23.13232421875,-14.166259765625
3,1,73.908,12.98370361328125,-21.0418701171875,-13.671875
3,1,74.11199999999999,13.97705078125,-21.0540771484375,-14.166259765625
3,1,74.309,14.508056640625,-20.9442138671875,-13.34075927734375
3,1,74.51000000000001,7.16094970703125,-22.25189208984375,-18.463134765625
3,1,74.712,12.347412109375,-23.3642578125,-17.3065185546875
3,1,74.914,9.95635986328125,-22.98583984375,-18.13201904296875
3,1,75.114,15.52276611328125,-22.70355224609375,-13.0096435546875
3,1,75.32299999999999,13.4918212890625,-21.92230224609375,-13.671875
3,1,75.52,11.3311767578125,-18.865966796875,-14.33258056640625
3,1,75.726,12.26348876953125,-21.84906005859375,-16.97540283203125
3,1,75.92700000000001,12.87689208984375,-20.5169677734375,-12.8448486328125
3,1,76.125,16.412353515625,-19.45343017578125,-12.01934814453125
3,1,76.32299999999999,13.27972412109375,-20.8709716796875,-14.33258056640625
3,1,76.526,15.4815673828125,-19.20928955078125,-12.34893798828125
3,1,76.729,12.51678466796875,-18.182373046875,-14.33258056640625
3,1,76.928,11.22589111328125,-21.0784912109375,-17.80242919921875
3,1,77.129,13.55438232421875,-21.69036865234375,-13.50555419921875
3,1,77.33,10.0616455078125,-20.7733154296875,-16.64581298828125
3,1,77.533,14.3798828125,-18.670654296875,-13.0096435546875
3,1,77.735,13.99993896484375,-20.06378173828125,-13.0096435546875
3,1,77.93600000000001,12.4114990234375,-20.3948974609375,-16.81060791015625
3,1,78.142,11.0992431640625,-21.54388427734375,-18.13201904296875
3,1,78.337,10.125732421875,-20.53985595703125,-14.8284912109375
3,1,78.539,13.95721435546875,-19.30694580078125,-13.671875
3,1,78.73999999999999,12.07275390625,-19.80743408203125,-13.836669921875
3,1,78.944,15.73486328125,-21.0174560546875,-13.671875
3,1,79.143,12.60223388671875,-19.69757080078125,-14.9932861328125
3,1,79.352,11.395263671875,-21.37298583984375,-16.14990234375
3,1,79.55200000000001,12.158203125,-21.3226318359375,-14.49737548828125
3,1,79.747,13.76495361328125,-20.0042724609375,-12.5152587890625
3,1,79.949,14.2730712890625,-20.8831787109375,-15.48919677734375
3,1,80.15000000000001,13.00506591796875,-22.79052734375,-14.49737548828125
3,1,80.352,14.4012451171875,-20.4193115234375,-12.8448486328125
3,1,80.556,14.654541015625,-19.49005126953125,-13.836669921875
3,1,80.754,13.57574462890625,-23.43597412109375,-12.34893798828125
3,1,80.956,13.6383056640625,-20.4681396484375,-14.166259765625
3,1,81.157,15.79742431640625,-20.7855224609375,-9.539794921875
3,1,81.36499999999999,15.10009765625,-20.6024169921875,-13.0096435546875
3,1,81.56100000000001,13.4918212890625,-21.92230224609375,-13.0096435546875
3,1,81.76300000000001,13.85040283203125,-18.780517578125,-13.17596435546875
3,1,81.964,13.0462646484375,-20.8099365234375,-14.8284912109375
3,1,82.166,12.89825439453125,-22.26409912109375,-14.33258056640625
3,1,82.369,15.0787353515625,-21.59271240234375,-13.836669921875
3,1,82.572,13.80767822265625,-20.7611083984375,-12.18414306640625
3,1,82.76900000000001,16.412353515625,-19.45343017578125,-13.0096435546875
3,1,82.973,11.1846923828125,-20.32012939453125,-14.8284912109375
3,1,83.173,11.3311767578125,-21.60491943359375,-15.65399169921875
3,1,83.373,12.70904541015625,-22.96142578125,-13.50555419921875
3,1,83.57599999999999,12.85552978515625,-21.50726318359375,-14.00146484375
3,1,83.777,20.0531005859375,-18.91632080078125,-8.3831787109375
3,1,83.97799999999999,12.7716064453125,-19.99053955078125,-14.9932861328125
3,1,84.181,13.91448974609375,-21.2860107421875,-15.65399169921875
3,1,84.396,12.32757568359375,-21.61712646484375,-16.4794921875
3,1,84.581,11.54327392578125,-22.65472412109375,-17.3065185546875
3,1,84.783,19.07958984375,-17.913818359375,-7.72247314453125
3,1,84.98999999999999,12.91961669921875,-21.27532958984375,-14.166259765625
3,1,85.18600000000001,13.6383056640625,-20.4681396484375,-13.17596435546875
3,1,85.387,14.59197998046875,-19.72198486328125,-13.0096435546875
3,1,85.592,12.91961669921875,-21.27532958984375,-14.49737548828125
3,1,85.789,14.14642333984375,-21.34857177734375,-14.8284912109375
3,1,85.991,15.92559814453125,-20.3216552734375,-11.85302734375
3,1,86.19499999999999,15.58685302734375,-22.4700927734375,-13.50555419921875
3,1,86.395,16.53900146484375,-21.7254638671875,-11.358642578125
3,1,86.598,13.85040283203125,-18.780517578125,-14.49737548828125
3,1,86.798,10.97259521484375,-22.00775146484375,-15.1580810546875
3,1,86.998,13.53302001953125,-19.94171142578125,-13.671875
3,1,87.20099999999999,16.3055419921875,-21.66595458984375,-12.5152587890625
3,1,87.40900000000001,11.24725341796875,-20.08819580078125,-14.00146484375
3,1,87.607,11.98883056640625,-21.0296630859375,-14.49737548828125
3,1,87.806,12.49542236328125,-19.171142578125,-16.4794921875
3,1,88.00700000000001,11.395263671875,-21.37298583984375,-14.8284912109375
3,1,88.20699999999999,11.69281005859375,-21.2005615234375,-14.49737548828125
3,1,88.408,11.43798828125,-19.39239501953125,-16.81060791015625
3,1,88.61,15.057373046875,-19.84405517578125,-10.03570556640625
3,1,88.81100000000001,14.59197998046875,-19.72198486328125,-12.34893798828125
3,1,89.012,16.644287109375,-22.25189208984375,-11.85302734375
3,1,89.226,12.4969482421875,-21.91009521484375,-16.14990234375
3,1,89.429,14.33868408203125,-20.6512451171875,-12.34893798828125
3,1,89.617,16.094970703125,-20.6146240234375,-10.86273193359375
3,1,89.819,10.56976318359375,-21.6522216796875,-17.3065185546875
3,1,90.021,16.9830322265625,-20.1019287109375,-10.86273193359375
3,1,90.224,12.28485107421875,-20.8587646484375,-17.1417236328125
3,1,90.42400000000001,14.508056640625,-20.9442138671875,-14.00146484375
3,1,90.625,11.5234375,-20.9075927734375,-15.1580810546875
3,1,90.825,15.58685302734375,-19.73419189453125,-10.86273193359375
3,1,91.026,20.7305908203125,-17.35076904296875,-6.0699462890625
3,1,91.22799999999999,16.47491455078125,-21.9573974609375,-13.17596435546875
3,1,91.43000000000001,13.19427490234375,-19.35577392578125,-14.9932861328125
3,1,91.631,14.93072509765625,-20.3094482421875,-11.688232421875
3,1,91.849,13.97705078125,-21.0540771484375,-14.49737548828125
3,1,92.03400000000001,13.91448974609375,-21.2860107421875,-13.671875
3,1,92.23699999999999,13.21563720703125,-21.1029052734375,-11.85302734375
3,1,92.43600000000001,16.3909912109375,-20.4437255859375,-11.5234375
3,1,92.63800000000001,13.4063720703125,-20.4071044921875,-13.671875
3,1,92.84099999999999,12.26348876953125,-21.84906005859375,-14.66217041015625
3,1,93.042,13.4918212890625,-21.92230224609375,-13.671875
3,1,93.242,13.57574462890625,-20.7000732421875,-14.66217041015625
3,1,93.446,17.08984375,-20.6268310546875,-11.358642578125
3,1,93.646,13.97705078125,-21.0540771484375,-11.5234375
3,1,93.846,18.52874755859375,-19.01397705078125,-10.03570556640625
3,1,94.048,12.70751953125,-20.22247314453125,-13.50555419921875
3,1,94.25,9.51080322265625,-19.134521484375,-16.314697265625
3,1,94.45099999999999,15.45867919921875,-20.1995849609375,-13.17596435546875
3,1,94.65300000000001,13.34228515625,-20.6390380859375,-11.5234375
3,1,94.85599999999999,15.31219482421875,-21.65374755859375,-13.0096435546875
3,1,95.056,13.4490966796875,-18.426513671875,-14.00146484375
3,1,95.26300000000001,11.26861572265625,-21.83685302734375,-16.14990234375
3,1,95.45699999999999,14.7186279296875,-21.99554443359375,-13.671875
3,1,95.66,14.2730712890625,-20.8831787109375,-12.18414306640625
3,1,95.861,16.87774658203125,-19.57550048828125,-9.70611572265625
3,1,96.065,12.22076416015625,-21.0906982421875,-14.9932861328125
3,1,96.267,13.85040283203125,-18.780517578125,-13.17596435546875
3,1,96.46599999999999,12.347412109375,-20.6268310546875,-12.6800537109375
3,1,96.66800000000001,16.1163330078125,-19.62432861328125,-10.6964111328125
3,1,96.86799999999999,18.48602294921875,-20.9930419921875,-8.0535888671875
3,1,97.06999999999999,14.4012451171875,-20.4193115234375,-13.50555419921875
3,1,97.27200000000001,19.27032470703125,-19.9554443359375,-8.2183837890625
3,1,97.473,13.53302001953125,-19.94171142578125,-13.671875
3,1,97.676,8.70819091796875,-21.1639404296875,-17.96722412109375
3,1,97.879,12.0941162109375,-21.5545654296875,-14.9932861328125
3,1,98.077,12.87689208984375,-20.5169677734375,-16.14990234375
3,1,98.279,16.961669921875,-18.353271484375,-12.01934814453125
3,1,98.48,15.35491943359375,-19.67315673828125,-13.671875
3,1,98.681,14.57061767578125,-17.97332763671875,-12.8448486328125
3,1,98.886,11.56463623046875,-18.927001953125,-14.49737548828125
3,1,99.086,9.42535400390625,-20.3582763671875,-16.97540283203125
3,1,99.28700000000001,12.91961669921875,-21.27532958984375,-12.8448486328125
3,1,99.486,15.73486328125,-18.280029296875,-10.6964111328125
3,1,99.688,14.21051025390625,-21.1151123046875,-14.33258056640625
3,1,99.89,12.7288818359375,-19.23370361328125,-15.3228759765625
3,1,100.096,11.4593505859375,-18.402099609375,-13.671875
3,1,100.296,12.6861572265625,-21.2127685546875,-14.00146484375
3,1,100.493,14.0411376953125,-20.8221435546875,-12.6800537109375
3,1,100.694,16.2841796875,-22.65472412109375,-12.34893798828125
3,1,100.896,17.13104248046875,-18.646240234375,-10.6964111328125
3,1,101.099,18.402099609375,-19.47784423828125,-8.0535888671875
3,1,101.301,14.7186279296875,-19.25811767578125,-14.00146484375
3,1,101.504,12.6861572265625,-21.2127685546875,-14.33258056640625
3,1,101.701,14.29595947265625,-22.63031005859375,-14.33258056640625
3,1,101.903,14.8468017578125,-21.5301513671875,-11.358642578125
3,1,102.104,18.3380126953125,-19.7113037109375,-8.54949951171875
3,1,102.307,14.14642333984375,-21.34857177734375,-13.17596435546875
3,1,102.514,14.1265869140625,-19.59991455078125,-13.0096435546875
3,1,102.711,14.67742919921875,-21.2371826171875,-12.6800537109375
3,1,102.911,14.82391357421875,-19.78302001953125,-12.5152587890625
3,1,103.113,11.90338134765625,-19.51446533203125,-13.50555419921875
3,1,103.314,14.67742919921875,-21.2371826171875,-14.9932861328125
3,1,103.515,16.05224609375,-19.85626220703125,-11.19232177734375
3,1,103.718,15.60821533203125,-18.743896484375,-13.0096435546875
3,1,103.92,10.845947265625,-22.47161865234375,-16.14990234375
3,1,104.12,12.55950927734375,-21.67816162109375,-15.985107421875
3,1,104.32,15.7562255859375,-20.02716064453125,-10.86273193359375
3,1,104.523,13.02490234375,-19.06280517578125,-14.9932861328125
3,1,104.724,16.28570556640625,-19.91729736328125,-11.358642578125
3,1,104.927,13.42620849609375,-19.41680908203125,-12.18414306640625
3,1,105.137,16.51763916015625,-22.71575927734375,-10.86273193359375
3,1,105.328,12.750244140625,-20.9808349609375,-14.8284912109375
3,1,105.529,15.966796875,-21.08001708984375,-11.85302734375
3,1,105.73,13.97705078125,-18.316650390625,-11.85302734375
3,1,105.933,20.47576904296875,-21.0174560546875,-8.0535888671875
3,1,106.134,14.33868408203125,-20.6512451171875,-13.671875
3,1,106.336,11.712646484375,-22.94921875,-16.314697265625
3,1,106.536,15.90423583984375,-21.31195068359375,-11.02752685546875
3,1,106.738,14.0625,-22.56927490234375,-11.85302734375
3,1,106.94,14.86663818359375,-20.5413818359375,-13.836669921875
3,1,107.141,16.53900146484375,-18.988037109375,-12.01934814453125
3,1,107.344,16.96319580078125,-21.0906982421875,-11.688232421875
3,1,107.543,11.58599853515625,-20.6756591796875,-15.3228759765625
3,1,107.744,11.8621826171875,-21.4935302734375,-16.14990234375
3,1,107.947,10.760498046875,-18.218994140625,-15.48919677734375
3,1,108.147,13.46893310546875,-20.1751708984375,-13.17596435546875
3,1,108.349,16.7938232421875,-20.7977294921875,-11.02752685546875
3,1,108.553,14.46533203125,-20.18585205078125,-13.0096435546875
3,1,108.754,12.17803955078125,-20.3338623046875,-14.00146484375
3,1,108.953,13.21563720703125,-21.1029052734375,-16.14990234375
3,1,109.155,13.7451171875,-20.9930419921875,-13.671875
3,1,109.357,18.8446044921875,-20.58868408203125,-7.55767822265625
3,1,109.558,14.78118896484375,-21.76361083984375,-14.166259765625
3,1,109.762,12.60223388671875,-19.69757080078125,-14.33258056640625
3,1,109.964,11.90338134765625,-22.25189208984375,-16.14990234375
3,1,110.188,14.10369873046875,-20.5902099609375,-14.8284912109375
3,1,110.366,12.8143310546875,-20.7489013671875,-14.66217041015625
3,1,110.565,14.29595947265625,-19.89288330078125,-13.671875
3,1,110.765,18.10455322265625,-19.64874267578125,-7.39288330078125
3,1,110.977,13.53302001953125,-19.94171142578125,-14.66217041015625
3,1,111.176,11.35406494140625,-20.6146240234375,-16.14990234375
3,1,111.37,13.61846923828125,-21.4569091796875,-15.3228759765625
3,1,111.571,14.63470458984375,-20.4803466796875,-11.688232421875
3,1,111.774,15.11993408203125,-19.61212158203125,-11.85302734375
3,1,111.989,15.22674560546875,-20.1385498046875,-13.0096435546875
3,1,112.182,15.33203125,-20.6634521484375,-12.5152587890625
3,1,112.377,12.85552978515625,-21.50726318359375,-15.3228759765625
3,1,112.578,12.91961669921875,-21.27532958984375,-15.48919677734375
3,1,112.781,14.4012451171875,-20.4193115234375,-14.8284912109375
3,1,112.982,14.9932861328125,-20.0775146484375,-12.8448486328125
3,1,113.185,18.951416015625,-21.1151123046875,-10.3668212890625
3,1,113.385,12.53814697265625,-19.92950439453125,-17.1417236328125
3,1,113.589,11.1846923828125,-20.32012939453125,-17.4713134765625
3,1,113.787,14.3585205078125,-22.39837646484375,-13.836669921875
3,1,113.989,13.934326171875,-20.2972412109375,-13.50555419921875
3,1,114.189,13.91448974609375,-21.2860107421875,-14.9932861328125
3,1,114.393,14.29595947265625,-19.89288330078125,-13.34075927734375
3,1,114.603,12.58087158203125,-20.6878662109375,-18.13201904296875
3,1,114.797,10.97259521484375,-22.00775146484375,-16.81060791015625
3,1,114.995,14.0411376953125,-20.8221435546875,-14.66217041015625
3,1,115.198,16.497802734375,-20.9686279296875,-14.33258056640625
3,1,115.4,12.347412109375,-20.6268310546875,-16.314697265625
3,1,115.602,12.85552978515625,-21.50726318359375,-13.671875
3,1,115.801,15.7562255859375,-20.02716064453125,-12.5152587890625
3,1,116.004,12.158203125,-21.3226318359375,-16.14990234375
3,1,116.204,15.0787353515625,-21.59271240234375,-12.8448486328125
3,1,116.405,15.7562255859375,-20.02716064453125,-10.5316162109375
3,1,116.606,13.4490966796875,-21.1639404296875,-13.671875
3,1,116.809,14.508056640625,-20.9442138671875,-13.0096435546875
3,1,117.016,14.74456787109375,-20.513916015625,-13.2537841796875
3,1,117.214,15.826416015625,-20.5322265625,-11.1907958984375
3,1,117.414,15.95306396484375,-21.18377685546875,-12.75482177734375
3,1,117.614,14.68353271484375,-21.22802734375,-12.6678466796875
3,1,117.815,14.75372314453125,-18.63250732421875,-12.530517578125
3,1,118.017,14.86663818359375,-23.27728271484375,-13.50555419921875
3,1,118.218,15.94696044921875,-19.33135986328125,-10.6964111328125
3,1,118.424,8.538818359375,-20.8709716796875,-18.95904541015625
3,1,118.623,12.62359619140625,-21.44622802734375,-15.1580810546875
3,1,118.823,10.88714599609375,-23.22998046875,-17.1417236328125
3,1,119.025,18.12744140625,-18.658447265625,-7.55767822265625
3,1,119.225,15.73486328125,-21.0174560546875,-12.6800537109375
